{
  "voiceline_id": "patron_male_ally_priest_start_05",
  "timestamp": "2026-01-22T18:34:06.881417",
  "segments": [
    {
      "start": 0.0,
      "end": 3.5999999046325684,
      "text": " You have slain the things of people's nightmares,",
      "part": 1
    },
    {
      "start": 3.5999999046325684,
      "end": 6.71999979019165,
      "text": " but you have never faced someone like the Archmother.",
      "part": 2
    },
    {
      "start": 6.71999979019165,
      "end": 8.760000228881836,
      "text": " Together with the Hidden King,",
      "part": 3
    },
    {
      "start": 8.760000228881836,
      "end": 11.920000076293945,
      "text": " you have a way to free New York from her grip.",
      "part": 4
    }
  ]
}