{
  "voiceline_id": "patron_male_ally_punkgoat_start_04",
  "timestamp": "2026-01-22T18:34:10.658939",
  "segments": [
    {
      "start": 0.0,
      "end": 4.960000038146973,
      "text": " Injustice permeates this city like a weed.",
      "part": 1
    },
    {
      "start": 4.960000038146973,
      "end": 6.679999828338623,
      "text": " You know this.",
      "part": 2
    },
    {
      "start": 6.679999828338623,
      "end": 10.680000305175781,
      "text": " Complete the ritual, and together with the Hidden King,",
      "part": 3
    },
    {
      "start": 10.680000305175781,
      "end": 13.199999809265137,
      "text": " build a new world.",
      "part": 4
    }
  ]
}