{
  "voiceline_id": "patron_male_ally_frank_start_03",
  "timestamp": "2026-01-22T18:48:42.740340",
  "segments": [
    {
      "start": 0.0,
      "end": 3.680000066757202,
      "text": " What do you see when you look in the mirror, Victor?",
      "part": 1
    },
    {
      "start": 3.680000066757202,
      "end": 7.079999923706055,
      "text": " Yourself or a stranger?",
      "part": 2
    },
    {
      "start": 7.079999923706055,
      "end": 11.4399995803833,
      "text": " Where do you end and he begins?",
      "part": 3
    },
    {
      "start": 11.4399995803833,
      "end": 16.040000915527344,
      "text": " Summon the Hidden King and find closure.",
      "part": 4
    }
  ]
}