{
  "voiceline_id": "patron_female_ally_unicorn_start_03",
  "timestamp": "2026-01-22T18:44:01.727799",
  "segments": [
    {
      "start": 0.0,
      "end": 5.239999771118164,
      "text": " Your found family lives in the margins of society.",
      "part": 1
    },
    {
      "start": 5.239999771118164,
      "end": 10.239999771118164,
      "text": " You lie to yourself and say you like it that way.",
      "part": 2
    },
    {
      "start": 10.239999771118164,
      "end": 13.239999771118164,
      "text": " We both know the truth.",
      "part": 3
    },
    {
      "start": 13.239999771118164,
      "end": 20.079999923706055,
      "text": " Summon the Archmother and usher in a new world with you by her side.",
      "part": 4
    }
  ]
}