{
  "voiceline_id": "patron_female_ally_tengu_start_05",
  "timestamp": "2026-01-22T18:46:38.869029",
  "segments": [
    {
      "start": 0.0,
      "end": 5.699999809265137,
      "text": " Ivy, your flesh is stone, but your heart is a blaze.",
      "part": 1
    },
    {
      "start": 5.699999809265137,
      "end": 10.100000381469727,
      "text": " For some, such kindness would be their downfall.",
      "part": 2
    },
    {
      "start": 10.100000381469727,
      "end": 13.699999809265137,
      "text": " But for you, it is the source of your strength.",
      "part": 3
    },
    {
      "start": 13.699999809265137,
      "end": 18.700000762939453,
      "text": " And that strength will be needed to complete the ritual.",
      "part": 4
    }
  ]
}