{
  "voiceline_id": "yamato_effort_general_02",
  "timestamp": "2025-10-13T23:48:04.853404",
  "segments": [
    {
      "start": 0.30000001192092896,
      "end": 5.699999809265137,
      "text": "",
      "part": 1
    },
    {
      "start": 5.699999809265137,
      "end": 8.699999809265137,
      "text": "",
      "part": 2
    },
    {
      "start": 8.699999809265137,
      "end": 12.600000381469727,
      "text": "",
      "part": 3
    },
    {
      "start": 12.600000381469727,
      "end": 21.100000381469727,
      "text": "",
      "part": 4
    }
  ]
}
